image_path,filename,breed,label,true_breed,predicted_label,predicted_breed,confidence,true_class_probability,probability_margin,correct
/tmp/.keras/oxford_iiit_pet/images_extracted/images/havanese_170.jpg,havanese_170.jpg,havanese,22,havanese,27,newfoundland,0.9904695,0.0023799303,0.98808956,False
/tmp/.keras/oxford_iiit_pet/images_extracted/images/keeshond_130.jpg,keeshond_130.jpg,keeshond,24,keeshond,25,leonberger,0.98174185,0.012199834,0.969542,False
/tmp/.keras/oxford_iiit_pet/images_extracted/images/chihuahua_21.jpg,chihuahua_21.jpg,chihuahua,17,chihuahua,33,shiba_inu,0.97696257,0.016379964,0.9605826,False
/tmp/.keras/oxford_iiit_pet/images_extracted/images/basset_hound_68.jpg,basset_hound_68.jpg,basset_hound,14,basset_hound,15,beagle,0.9708499,0.028698418,0.9421514,False
/tmp/.keras/oxford_iiit_pet/images_extracted/images/saint_bernard_148.jpg,saint_bernard_148.jpg,saint_bernard,30,saint_bernard,16,boxer,0.9619254,0.009358372,0.95256704,False
/tmp/.keras/oxford_iiit_pet/images_extracted/images/Bengal_161.jpg,Bengal_161.jpg,Bengal,1,Bengal,5,Egyptian_Mau,0.95985997,0.03793665,0.92192334,False
/tmp/.keras/oxford_iiit_pet/images_extracted/images/Russian_Blue_150.jpg,Russian_Blue_150.jpg,Russian_Blue,9,Russian_Blue,4,British_Shorthair,0.95897466,0.036361724,0.9226129,False
/tmp/.keras/oxford_iiit_pet/images_extracted/images/Bengal_18.jpg,Bengal_18.jpg,Bengal,1,Bengal,6,Maine_Coon,0.9329742,0.06437933,0.8685949,False
/tmp/.keras/oxford_iiit_pet/images_extracted/images/american_pit_bull_terrier_191.jpg,american_pit_bull_terrier_191.jpg,american_pit_bull_terrier,13,american_pit_bull_terrier,34,staffordshire_bull_terrier,0.9316544,0.019858174,0.9117962,False
/tmp/.keras/oxford_iiit_pet/images_extracted/images/staffordshire_bull_terrier_45.jpg,staffordshire_bull_terrier_45.jpg,staffordshire_bull_terrier,34,staffordshire_bull_terrier,13,american_pit_bull_terrier,0.9244946,0.0072120694,0.9172826,False
/tmp/.keras/oxford_iiit_pet/images_extracted/images/Ragdoll_252.jpg,Ragdoll_252.jpg,Ragdoll,8,Ragdoll,2,Birman,0.9223545,0.06796839,0.85438615,False
/tmp/.keras/oxford_iiit_pet/images_extracted/images/Russian_Blue_112.jpg,Russian_Blue_112.jpg,Russian_Blue,9,Russian_Blue,4,British_Shorthair,0.9193031,0.07894555,0.84035754,False
/tmp/.keras/oxford_iiit_pet/images_extracted/images/Maine_Coon_187.jpg,Maine_Coon_187.jpg,Maine_Coon,6,Maine_Coon,8,Ragdoll,0.903996,0.092817,0.811179,False
/tmp/.keras/oxford_iiit_pet/images_extracted/images/american_pit_bull_terrier_65.jpg,american_pit_bull_terrier_65.jpg,american_pit_bull_terrier,13,american_pit_bull_terrier,34,staffordshire_bull_terrier,0.90329045,0.09457218,0.80871826,False
/tmp/.keras/oxford_iiit_pet/images_extracted/images/Birman_84.jpg,Birman_84.jpg,Birman,2,Birman,8,Ragdoll,0.90145445,0.09474551,0.80670893,False
/tmp/.keras/oxford_iiit_pet/images_extracted/images/Ragdoll_235.jpg,Ragdoll_235.jpg,Ragdoll,8,Ragdoll,10,Siamese,0.8987396,0.006165073,0.8925745,False
/tmp/.keras/oxford_iiit_pet/images_extracted/images/Bengal_189.jpg,Bengal_189.jpg,Bengal,1,Bengal,5,Egyptian_Mau,0.89782095,0.081072114,0.81674886,False
/tmp/.keras/oxford_iiit_pet/images_extracted/images/Egyptian_Mau_148.jpg,Egyptian_Mau_148.jpg,Egyptian_Mau,5,Egyptian_Mau,4,British_Shorthair,0.88798267,0.01602437,0.8719583,False
/tmp/.keras/oxford_iiit_pet/images_extracted/images/staffordshire_bull_terrier_179.jpg,staffordshire_bull_terrier_179.jpg,staffordshire_bull_terrier,34,staffordshire_bull_terrier,12,american_bulldog,0.8797633,0.074140474,0.8056228,False
/tmp/.keras/oxford_iiit_pet/images_extracted/images/chihuahua_196.jpg,chihuahua_196.jpg,chihuahua,17,chihuahua,28,pomeranian,0.87901443,0.0054236036,0.8735908,False
/tmp/.keras/oxford_iiit_pet/images_extracted/images/chihuahua_105.jpg,chihuahua_105.jpg,chihuahua,17,chihuahua,26,miniature_pinscher,0.8745907,0.02276088,0.8518298,False
/tmp/.keras/oxford_iiit_pet/images_extracted/images/staffordshire_bull_terrier_190.jpg,staffordshire_bull_terrier_190.jpg,staffordshire_bull_terrier,34,staffordshire_bull_terrier,12,american_bulldog,0.8737713,0.06782479,0.8059465,False
/tmp/.keras/oxford_iiit_pet/images_extracted/images/chihuahua_12.jpg,chihuahua_12.jpg,chihuahua,17,chihuahua,33,shiba_inu,0.872257,0.11375963,0.75849736,False
/tmp/.keras/oxford_iiit_pet/images_extracted/images/Russian_Blue_29.jpg,Russian_Blue_29.jpg,Russian_Blue,9,Russian_Blue,4,British_Shorthair,0.8712465,0.11475333,0.7564932,False
/tmp/.keras/oxford_iiit_pet/images_extracted/images/american_pit_bull_terrier_19.jpg,american_pit_bull_terrier_19.jpg,american_pit_bull_terrier,13,american_pit_bull_terrier,34,staffordshire_bull_terrier,0.8697398,0.12454921,0.74519056,False
/tmp/.keras/oxford_iiit_pet/images_extracted/images/Bengal_141.jpg,Bengal_141.jpg,Bengal,1,Bengal,5,Egyptian_Mau,0.8656368,0.13425466,0.73138213,False
/tmp/.keras/oxford_iiit_pet/images_extracted/images/american_pit_bull_terrier_176.jpg,american_pit_bull_terrier_176.jpg,american_pit_bull_terrier,13,american_pit_bull_terrier,34,staffordshire_bull_terrier,0.8633042,0.11987999,0.7434242,False
/tmp/.keras/oxford_iiit_pet/images_extracted/images/american_pit_bull_terrier_49.jpg,american_pit_bull_terrier_49.jpg,american_pit_bull_terrier,13,american_pit_bull_terrier,34,staffordshire_bull_terrier,0.86330307,0.046392836,0.8169102,False
/tmp/.keras/oxford_iiit_pet/images_extracted/images/chihuahua_177.jpg,chihuahua_177.jpg,chihuahua,17,chihuahua,26,miniature_pinscher,0.842656,0.09289649,0.74975955,False
/tmp/.keras/oxford_iiit_pet/images_extracted/images/Russian_Blue_100.jpg,Russian_Blue_100.jpg,Russian_Blue,9,Russian_Blue,4,British_Shorthair,0.83599335,0.14902812,0.6869652,False
/tmp/.keras/oxford_iiit_pet/images_extracted/images/Ragdoll_93.jpg,Ragdoll_93.jpg,Ragdoll,8,Ragdoll,21,great_pyrenees,0.83282727,0.04629946,0.7865278,False
/tmp/.keras/oxford_iiit_pet/images_extracted/images/american_bulldog_65.jpg,american_bulldog_65.jpg,american_bulldog,12,american_bulldog,30,saint_bernard,0.8253718,0.0964944,0.7288774,False
/tmp/.keras/oxford_iiit_pet/images_extracted/images/samoyed_191.jpg,samoyed_191.jpg,samoyed,31,samoyed,24,keeshond,0.82134116,0.15235752,0.66898364,False
/tmp/.keras/oxford_iiit_pet/images_extracted/images/Bengal_48.jpg,Bengal_48.jpg,Bengal,1,Bengal,5,Egyptian_Mau,0.81261235,0.16237795,0.6502344,False
/tmp/.keras/oxford_iiit_pet/images_extracted/images/saint_bernard_196.jpg,saint_bernard_196.jpg,saint_bernard,30,saint_bernard,23,japanese_chin,0.7989754,9.6943995e-06,0.7989657,False
/tmp/.keras/oxford_iiit_pet/images_extracted/images/Ragdoll_30.jpg,Ragdoll_30.jpg,Ragdoll,8,Ragdoll,2,Birman,0.7937698,0.13479519,0.6589746,False
/tmp/.keras/oxford_iiit_pet/images_extracted/images/miniature_pinscher_38.jpg,miniature_pinscher_38.jpg,miniature_pinscher,26,miniature_pinscher,34,staffordshire_bull_terrier,0.79044783,0.011222502,0.77922535,False
/tmp/.keras/oxford_iiit_pet/images_extracted/images/american_pit_bull_terrier_100.jpg,american_pit_bull_terrier_100.jpg,american_pit_bull_terrier,13,american_pit_bull_terrier,12,american_bulldog,0.76981753,0.14557813,0.6242394,False
/tmp/.keras/oxford_iiit_pet/images_extracted/images/staffordshire_bull_terrier_86.jpg,staffordshire_bull_terrier_86.jpg,staffordshire_bull_terrier,34,staffordshire_bull_terrier,12,american_bulldog,0.75733274,0.21582808,0.5415047,False
/tmp/.keras/oxford_iiit_pet/images_extracted/images/american_bulldog_188.jpg,american_bulldog_188.jpg,american_bulldog,12,american_bulldog,34,staffordshire_bull_terrier,0.7564414,0.11449674,0.64194465,False
/tmp/.keras/oxford_iiit_pet/images_extracted/images/staffordshire_bull_terrier_78.jpg,staffordshire_bull_terrier_78.jpg,staffordshire_bull_terrier,34,staffordshire_bull_terrier,31,samoyed,0.74713767,0.15536664,0.591771,False
/tmp/.keras/oxford_iiit_pet/images_extracted/images/Russian_Blue_43.jpg,Russian_Blue_43.jpg,Russian_Blue,9,Russian_Blue,3,Bombay,0.7267702,0.13052121,0.596249,False
/tmp/.keras/oxford_iiit_pet/images_extracted/images/shiba_inu_159.jpg,shiba_inu_159.jpg,shiba_inu,33,shiba_inu,26,miniature_pinscher,0.7189138,0.24678327,0.47213054,False
/tmp/.keras/oxford_iiit_pet/images_extracted/images/american_pit_bull_terrier_11.jpg,american_pit_bull_terrier_11.jpg,american_pit_bull_terrier,13,american_pit_bull_terrier,34,staffordshire_bull_terrier,0.7145336,0.27150166,0.44303197,False
/tmp/.keras/oxford_iiit_pet/images_extracted/images/Birman_31.jpg,Birman_31.jpg,Birman,2,Birman,8,Ragdoll,0.71404696,0.2633196,0.45072734,False
/tmp/.keras/oxford_iiit_pet/images_extracted/images/staffordshire_bull_terrier_111.jpg,staffordshire_bull_terrier_111.jpg,staffordshire_bull_terrier,34,staffordshire_bull_terrier,29,pug,0.7119725,0.25072557,0.4612469,False
/tmp/.keras/oxford_iiit_pet/images_extracted/images/Persian_149.jpg,Persian_149.jpg,Persian,7,Persian,8,Ragdoll,0.7089824,0.1989059,0.5100765,False
/tmp/.keras/oxford_iiit_pet/images_extracted/images/British_Shorthair_112.jpg,British_Shorthair_112.jpg,British_Shorthair,4,British_Shorthair,9,Russian_Blue,0.7074063,0.27543497,0.4319713,False
/tmp/.keras/oxford_iiit_pet/images_extracted/images/Bengal_132.jpg,Bengal_132.jpg,Bengal,1,Bengal,5,Egyptian_Mau,0.70349324,0.2721655,0.43132773,False
/tmp/.keras/oxford_iiit_pet/images_extracted/images/english_cocker_spaniel_187.jpg,english_cocker_spaniel_187.jpg,english_cocker_spaniel,18,english_cocker_spaniel,36,yorkshire_terrier,0.69177103,0.25867236,0.43309867,False
/tmp/.keras/oxford_iiit_pet/images_extracted/images/Siamese_160.jpg,Siamese_160.jpg,Siamese,10,Siamese,2,Birman,0.68888354,0.060672488,0.6282111,False
/tmp/.keras/oxford_iiit_pet/images_extracted/images/american_pit_bull_terrier_27.jpg,american_pit_bull_terrier_27.jpg,american_pit_bull_terrier,13,american_pit_bull_terrier,12,american_bulldog,0.68550915,0.084752314,0.6007568,False
/tmp/.keras/oxford_iiit_pet/images_extracted/images/British_Shorthair_3.jpg,British_Shorthair_3.jpg,British_Shorthair,4,British_Shorthair,9,Russian_Blue,0.6804086,0.3146725,0.3657361,False
/tmp/.keras/oxford_iiit_pet/images_extracted/images/yorkshire_terrier_144.jpg,yorkshire_terrier_144.jpg,yorkshire_terrier,36,yorkshire_terrier,22,havanese,0.67776096,0.31125057,0.3665104,False
/tmp/.keras/oxford_iiit_pet/images_extracted/images/British_Shorthair_248.jpg,British_Shorthair_248.jpg,British_Shorthair,4,British_Shorthair,9,Russian_Blue,0.67389184,0.15405884,0.51983297,False
/tmp/.keras/oxford_iiit_pet/images_extracted/images/american_pit_bull_terrier_15.jpg,american_pit_bull_terrier_15.jpg,american_pit_bull_terrier,13,american_pit_bull_terrier,34,staffordshire_bull_terrier,0.65644413,0.3363493,0.32009482,False
/tmp/.keras/oxford_iiit_pet/images_extracted/images/shiba_inu_173.jpg,shiba_inu_173.jpg,shiba_inu,33,shiba_inu,15,beagle,0.6552848,0.0044394233,0.6508454,False
/tmp/.keras/oxford_iiit_pet/images_extracted/images/British_Shorthair_239.jpg,British_Shorthair_239.jpg,British_Shorthair,4,British_Shorthair,5,Egyptian_Mau,0.65045345,0.13661112,0.51384234,False
/tmp/.keras/oxford_iiit_pet/images_extracted/images/Birman_185.jpg,Birman_185.jpg,Birman,2,Birman,8,Ragdoll,0.6442044,0.34676388,0.2974405,False
/tmp/.keras/oxford_iiit_pet/images_extracted/images/Bengal_160.jpg,Bengal_160.jpg,Bengal,1,Bengal,5,Egyptian_Mau,0.6423001,0.078434706,0.5638654,False
/tmp/.keras/oxford_iiit_pet/images_extracted/images/american_pit_bull_terrier_2.jpg,american_pit_bull_terrier_2.jpg,american_pit_bull_terrier,13,american_pit_bull_terrier,34,staffordshire_bull_terrier,0.64129514,0.35133567,0.28995946,False
/tmp/.keras/oxford_iiit_pet/images_extracted/images/Ragdoll_228.jpg,Ragdoll_228.jpg,Ragdoll,8,Ragdoll,2,Birman,0.6284364,0.0051604877,0.6232759,False
/tmp/.keras/oxford_iiit_pet/images_extracted/images/Persian_39.jpg,Persian_39.jpg,Persian,7,Persian,8,Ragdoll,0.622862,0.3327006,0.29016137,False
/tmp/.keras/oxford_iiit_pet/images_extracted/images/japanese_chin_61.jpg,japanese_chin_61.jpg,japanese_chin,23,japanese_chin,8,Ragdoll,0.61443937,0.25197777,0.3624616,False
/tmp/.keras/oxford_iiit_pet/images_extracted/images/British_Shorthair_103.jpg,British_Shorthair_103.jpg,British_Shorthair,4,British_Shorthair,9,Russian_Blue,0.6086763,0.39060968,0.21806663,False
/tmp/.keras/oxford_iiit_pet/images_extracted/images/Maine_Coon_244.jpg,Maine_Coon_244.jpg,Maine_Coon,6,Maine_Coon,8,Ragdoll,0.6081473,0.3381402,0.27000713,False
/tmp/.keras/oxford_iiit_pet/images_extracted/images/Sphynx_61.jpg,Sphynx_61.jpg,Sphynx,11,Sphynx,8,Ragdoll,0.6078637,0.14699659,0.46086714,False
/tmp/.keras/oxford_iiit_pet/images_extracted/images/english_setter_120.jpg,english_setter_120.jpg,english_setter,19,english_setter,21,great_pyrenees,0.60610884,0.36981207,0.23629677,False
/tmp/.keras/oxford_iiit_pet/images_extracted/images/samoyed_150.jpg,samoyed_150.jpg,samoyed,31,samoyed,21,great_pyrenees,0.5958673,0.0017887562,0.59407854,False
/tmp/.keras/oxford_iiit_pet/images_extracted/images/Birman_24.jpg,Birman_24.jpg,Birman,2,Birman,10,Siamese,0.5898091,0.40130678,0.18850234,False
/tmp/.keras/oxford_iiit_pet/images_extracted/images/Bengal_54.jpg,Bengal_54.jpg,Bengal,1,Bengal,5,Egyptian_Mau,0.57189643,0.34308562,0.22881082,False
/tmp/.keras/oxford_iiit_pet/images_extracted/images/Persian_13.jpg,Persian_13.jpg,Persian,7,Persian,8,Ragdoll,0.5673088,0.41989988,0.1474089,False
/tmp/.keras/oxford_iiit_pet/images_extracted/images/wheaten_terrier_34.jpg,wheaten_terrier_34.jpg,wheaten_terrier,35,wheaten_terrier,22,havanese,0.5668548,0.40308082,0.16377395,False
/tmp/.keras/oxford_iiit_pet/images_extracted/images/Bengal_29.jpg,Bengal_29.jpg,Bengal,1,Bengal,5,Egyptian_Mau,0.5631649,0.4112633,0.1519016,False
/tmp/.keras/oxford_iiit_pet/images_extracted/images/basset_hound_92.jpg,basset_hound_92.jpg,basset_hound,14,basset_hound,15,beagle,0.5567806,0.43459716,0.12218341,False
/tmp/.keras/oxford_iiit_pet/images_extracted/images/Abyssinian_10.jpg,Abyssinian_10.jpg,Abyssinian,0,Abyssinian,11,Sphynx,0.5496162,0.050803714,0.4988125,False
/tmp/.keras/oxford_iiit_pet/images_extracted/images/beagle_178.jpg,beagle_178.jpg,beagle,15,beagle,14,basset_hound,0.5485326,0.44832742,0.10020518,False
/tmp/.keras/oxford_iiit_pet/images_extracted/images/Bombay_39.jpg,Bombay_39.jpg,Bombay,3,Bombay,9,Russian_Blue,0.54105777,0.4562186,0.084839165,False
/tmp/.keras/oxford_iiit_pet/images_extracted/images/Bengal_26.jpg,Bengal_26.jpg,Bengal,1,Bengal,5,Egyptian_Mau,0.53849095,0.15782039,0.38067055,False
/tmp/.keras/oxford_iiit_pet/images_extracted/images/samoyed_132.jpg,samoyed_132.jpg,samoyed,31,samoyed,21,great_pyrenees,0.5270436,0.468587,0.05845657,False
/tmp/.keras/oxford_iiit_pet/images_extracted/images/american_pit_bull_terrier_192.jpg,american_pit_bull_terrier_192.jpg,american_pit_bull_terrier,13,american_pit_bull_terrier,12,american_bulldog,0.52550524,0.41361144,0.1118938,False
/tmp/.keras/oxford_iiit_pet/images_extracted/images/leonberger_91.jpg,leonberger_91.jpg,leonberger,25,leonberger,27,newfoundland,0.52231723,0.4731113,0.04920593,False
/tmp/.keras/oxford_iiit_pet/images_extracted/images/Persian_176.jpg,Persian_176.jpg,Persian,7,Persian,8,Ragdoll,0.52016735,0.4005268,0.11964056,False
/tmp/.keras/oxford_iiit_pet/images_extracted/images/Ragdoll_53.jpg,Ragdoll_53.jpg,Ragdoll,8,Ragdoll,10,Siamese,0.51900166,0.1451564,0.37384528,False
/tmp/.keras/oxford_iiit_pet/images_extracted/images/american_pit_bull_terrier_4.jpg,american_pit_bull_terrier_4.jpg,american_pit_bull_terrier,13,american_pit_bull_terrier,34,staffordshire_bull_terrier,0.5187911,0.38888496,0.12990612,False
/tmp/.keras/oxford_iiit_pet/images_extracted/images/Ragdoll_137.jpg,Ragdoll_137.jpg,Ragdoll,8,Ragdoll,2,Birman,0.5183428,0.46074998,0.05759281,False
/tmp/.keras/oxford_iiit_pet/images_extracted/images/miniature_pinscher_153.jpg,miniature_pinscher_153.jpg,miniature_pinscher,26,miniature_pinscher,34,staffordshire_bull_terrier,0.5146125,0.43001458,0.084597915,False
/tmp/.keras/oxford_iiit_pet/images_extracted/images/pomeranian_35.jpg,pomeranian_35.jpg,pomeranian,28,pomeranian,31,samoyed,0.50505716,0.24809103,0.2569661,False
/tmp/.keras/oxford_iiit_pet/images_extracted/images/Egyptian_Mau_63.jpg,Egyptian_Mau_63.jpg,Egyptian_Mau,5,Egyptian_Mau,6,Maine_Coon,0.50146174,0.20563626,0.29582548,False
/tmp/.keras/oxford_iiit_pet/images_extracted/images/staffordshire_bull_terrier_136.jpg,staffordshire_bull_terrier_136.jpg,staffordshire_bull_terrier,34,staffordshire_bull_terrier,12,american_bulldog,0.50125724,0.48866904,0.012588203,False
/tmp/.keras/oxford_iiit_pet/images_extracted/images/chihuahua_197.jpg,chihuahua_197.jpg,chihuahua,17,chihuahua,3,Bombay,0.5003651,0.4086938,0.09167129,False
/tmp/.keras/oxford_iiit_pet/images_extracted/images/Bengal_77.jpg,Bengal_77.jpg,Bengal,1,Bengal,5,Egyptian_Mau,0.50029016,0.2941787,0.20611146,False
/tmp/.keras/oxford_iiit_pet/images_extracted/images/pomeranian_199.jpg,pomeranian_199.jpg,pomeranian,28,pomeranian,25,leonberger,0.49795064,0.24132903,0.2566216,False
/tmp/.keras/oxford_iiit_pet/images_extracted/images/Bengal_16.jpg,Bengal_16.jpg,Bengal,1,Bengal,0,Abyssinian,0.4956991,0.2374673,0.25823182,False
/tmp/.keras/oxford_iiit_pet/images_extracted/images/staffordshire_bull_terrier_72.jpg,staffordshire_bull_terrier_72.jpg,staffordshire_bull_terrier,34,staffordshire_bull_terrier,13,american_pit_bull_terrier,0.49310896,0.36693087,0.12617809,False
/tmp/.keras/oxford_iiit_pet/images_extracted/images/Abyssinian_206.jpg,Abyssinian_206.jpg,Abyssinian,0,Abyssinian,9,Russian_Blue,0.49143237,0.25116873,0.24026364,False
/tmp/.keras/oxford_iiit_pet/images_extracted/images/staffordshire_bull_terrier_5.jpg,staffordshire_bull_terrier_5.jpg,staffordshire_bull_terrier,34,staffordshire_bull_terrier,13,american_pit_bull_terrier,0.49074814,0.46934113,0.021407008,False
/tmp/.keras/oxford_iiit_pet/images_extracted/images/pug_74.jpg,pug_74.jpg,pug,29,pug,16,boxer,0.47975895,0.01540031,0.46435863,False
/tmp/.keras/oxford_iiit_pet/images_extracted/images/english_cocker_spaniel_142.jpg,english_cocker_spaniel_142.jpg,english_cocker_spaniel,18,english_cocker_spaniel,30,saint_bernard,0.4777505,0.033220664,0.44452983,False
/tmp/.keras/oxford_iiit_pet/images_extracted/images/american_pit_bull_terrier_21.jpg,american_pit_bull_terrier_21.jpg,american_pit_bull_terrier,13,american_pit_bull_terrier,34,staffordshire_bull_terrier,0.4768138,0.36927962,0.10753417,False
/tmp/.keras/oxford_iiit_pet/images_extracted/images/Siamese_154.jpg,Siamese_154.jpg,Siamese,10,Siamese,2,Birman,0.47643304,0.45139778,0.025035262,False
/tmp/.keras/oxford_iiit_pet/images_extracted/images/chihuahua_24.jpg,chihuahua_24.jpg,chihuahua,17,chihuahua,3,Bombay,0.47293904,0.016993864,0.4559452,False
/tmp/.keras/oxford_iiit_pet/images_extracted/images/miniature_pinscher_198.jpg,miniature_pinscher_198.jpg,miniature_pinscher,26,miniature_pinscher,13,american_pit_bull_terrier,0.45234975,0.39032456,0.06202519,False
/tmp/.keras/oxford_iiit_pet/images_extracted/images/Bombay_29.jpg,Bombay_29.jpg,Bombay,3,Bombay,34,staffordshire_bull_terrier,0.40718433,0.3588076,0.04837674,False
/tmp/.keras/oxford_iiit_pet/images_extracted/images/staffordshire_bull_terrier_166.jpg,staffordshire_bull_terrier_166.jpg,staffordshire_bull_terrier,34,staffordshire_bull_terrier,13,american_pit_bull_terrier,0.4017886,0.33911327,0.06267533,False
/tmp/.keras/oxford_iiit_pet/images_extracted/images/german_shorthaired_176.jpg,german_shorthaired_176.jpg,german_shorthaired,20,german_shorthaired,9,Russian_Blue,0.3905251,0.08420359,0.3063215,False
/tmp/.keras/oxford_iiit_pet/images_extracted/images/american_pit_bull_terrier_56.jpg,american_pit_bull_terrier_56.jpg,american_pit_bull_terrier,13,american_pit_bull_terrier,12,american_bulldog,0.3894779,0.30807656,0.08140135,False
/tmp/.keras/oxford_iiit_pet/images_extracted/images/Abyssinian_105.jpg,Abyssinian_105.jpg,Abyssinian,0,Abyssinian,5,Egyptian_Mau,0.383312,0.25338224,0.12992975,False
/tmp/.keras/oxford_iiit_pet/images_extracted/images/beagle_33.jpg,beagle_33.jpg,beagle,15,beagle,13,american_pit_bull_terrier,0.37755448,0.006564502,0.37098998,False
/tmp/.keras/oxford_iiit_pet/images_extracted/images/British_Shorthair_258.jpg,British_Shorthair_258.jpg,British_Shorthair,4,British_Shorthair,3,Bombay,0.37472737,0.20437609,0.17035128,False
/tmp/.keras/oxford_iiit_pet/images_extracted/images/Bombay_186.jpg,Bombay_186.jpg,Bombay,3,Bombay,9,Russian_Blue,0.35933456,0.09198826,0.2673463,False
/tmp/.keras/oxford_iiit_pet/images_extracted/images/Abyssinian_106.jpg,Abyssinian_106.jpg,Abyssinian,0,Abyssinian,4,British_Shorthair,0.34022895,0.13086314,0.2093658,False
/tmp/.keras/oxford_iiit_pet/images_extracted/images/english_setter_194.jpg,english_setter_194.jpg,english_setter,19,english_setter,30,saint_bernard,0.33769852,0.06380505,0.27389348,False
/tmp/.keras/oxford_iiit_pet/images_extracted/images/english_setter_121.jpg,english_setter_121.jpg,english_setter,19,english_setter,12,american_bulldog,0.33681345,0.13418047,0.20263298,False
/tmp/.keras/oxford_iiit_pet/images_extracted/images/pomeranian_34.jpg,pomeranian_34.jpg,pomeranian,28,pomeranian,31,samoyed,0.33114555,0.2444977,0.08664785,False
/tmp/.keras/oxford_iiit_pet/images_extracted/images/german_shorthaired_134.jpg,german_shorthaired_134.jpg,german_shorthaired,20,german_shorthaired,15,beagle,0.315269,0.014985806,0.3002832,False
/tmp/.keras/oxford_iiit_pet/images_extracted/images/Bengal_131.jpg,Bengal_131.jpg,Bengal,1,Bengal,3,Bombay,0.29782236,0.11956583,0.17825653,False
/tmp/.keras/oxford_iiit_pet/images_extracted/images/Abyssinian_132.jpg,Abyssinian_132.jpg,Abyssinian,0,Abyssinian,9,Russian_Blue,0.29071376,0.200822,0.08989176,False
/tmp/.keras/oxford_iiit_pet/images_extracted/images/boxer_18.jpg,boxer_18.jpg,boxer,16,boxer,33,shiba_inu,0.28502446,0.008108594,0.27691588,False
/tmp/.keras/oxford_iiit_pet/images_extracted/images/german_shorthaired_132.jpg,german_shorthaired_132.jpg,german_shorthaired,20,german_shorthaired,12,american_bulldog,0.2674659,0.15638785,0.11107804,False
/tmp/.keras/oxford_iiit_pet/images_extracted/images/Egyptian_Mau_209.jpg,Egyptian_Mau_209.jpg,Egyptian_Mau,5,Egyptian_Mau,4,British_Shorthair,0.2656484,0.22708355,0.038564846,False
/tmp/.keras/oxford_iiit_pet/images_extracted/images/shiba_inu_156.jpg,shiba_inu_156.jpg,shiba_inu,33,shiba_inu,30,saint_bernard,0.25155342,0.12816446,0.12338896,False
